feature,hr,ci_lower,ci_upper,z,p,n,events,q
dist_H02_H03,1.2928088116318062,1.076364923367385,1.5527769320130251,2.7471424189465723,0.006011702322561271,200,112,0.8059030089013389
disp_H07_kde_summary,1.2536393416682274,1.0274984083415095,1.5295513708046449,2.227243254381857,0.025931020733771182,200,112,0.8059030089013389
dist_H02_H05,0.8063157948777696,0.6643721091526067,0.9785858739594241,-2.179073358181809,0.0293262190516371,200,112,0.8059030089013389
dist_H04_H08,0.8063862175253408,0.6563595446198662,0.9907050749013282,-2.048876056931507,0.04047423614219931,200,112,0.8059030089013389
inter_H09_H01,1.2260495640830644,1.008760135987142,1.4901436723778627,2.047595712941357,0.0405996297695768,200,112,0.8059030089013389
inter_H01_H09,1.2260495640830644,1.008760135987142,1.4901436723778627,2.047595712941357,0.0405996297695768,200,112,0.8059030089013389
dist_H01_H08,0.8199442498092813,0.6745879516789154,0.9966210797599669,-1.993959936188129,0.046156433008458404,200,112,0.8059030089013389
dist_H03_H06,1.2088616625792186,1.0011000083053758,1.459740792258612,1.9713904068747894,0.04867923748794034,200,112,0.8059030089013389
inter_H08_H01,1.1933444372316828,0.9990889173346309,1.4253695753836781,1.9499088827090445,0.05118698022447877,200,112,0.8059030089013389
inter_H01_H08,1.1933444372316828,0.9990889173346309,1.4253695753836781,1.9499088827090445,0.05118698022447877,200,112,0.8059030089013389
dist_H05_H08,0.8232408981987981,0.6755800457637365,1.0031758349241975,-1.928525566713737,0.053789787304250776,200,112,0.8059030089013389
disp_H08_f_function,0.817236179636787,0.6656789795372438,1.0032988780442091,-1.9284944928172405,0.05379364859417812,200,112,0.8059030089013389
disp_H01_j_function,1.2183531720738259,0.9964230030207694,1.4897131513446333,1.925036434071531,0.0542248003275457,200,112,0.8059030089013389
inter_H07_H06,0.8190169963745804,0.6676250236849728,1.0047389126429143,-1.9146256785755267,0.05554025792470325,200,112,0.8059030089013389
inter_H06_H07,0.8190169963745804,0.6676250236849728,1.0047389126429143,-1.9146256785755267,0.05554025792470325,200,112,0.8059030089013389
inter_H07_H07,0.8133260037793497,0.6563983179040548,1.0077709987678207,-1.8891872342515443,0.0588667446650049,200,112,0.8059030089013389
disp_H05_j_function,0.8274419361311645,0.6790055284879973,1.0083278102213458,-1.8777493959279943,0.06041545585818308,200,112,0.8059030089013389
inter_H07_H04,0.8213365825408029,0.6661679814432416,1.0126481617418914,-1.8423158418476728,0.06542896384571913,200,112,0.8059030089013389
inter_H04_H07,0.8213365825408029,0.6661679814432416,1.0126481617418914,-1.8423158418476728,0.06542896384571913,200,112,0.8059030089013389
dist_H07_H10,1.1964371625159207,0.9877560305698999,1.4492059167922722,1.8339862163706806,0.06665604022894318,200,112,0.8059030089013389
inter_H04_H09,0.8378125412075583,0.6928374236226581,1.0131234691891595,-1.8254674300493268,0.06793052182310137,200,112,0.8059030089013389
inter_H09_H04,0.8378125412075583,0.6928374236226581,1.0131234691891595,-1.8254674300493268,0.06793052182310137,200,112,0.8059030089013389
inter_H08_H05,1.1568508177338033,0.971789566712177,1.3771539233737686,1.6382159227255273,0.10137665921361204,200,112,0.9973126457678482
inter_H05_H08,1.1568508177338033,0.971789566712177,1.3771539233737686,1.6382159227255273,0.10137665921361204,200,112,0.9973126457678482
comp_H08,1.1625258842364077,0.9679670619716302,1.3961905157876653,1.6115601594686242,0.10705768615939158,200,112,0.9973126457678482
inter_H10_H10,1.170963515081756,0.9659916965383972,1.4194278880099251,1.6075454325230714,0.10793477144054947,200,112,0.9973126457678482
comp_H01,1.1574684448465096,0.9629982621058891,1.3912104035220818,1.5582119239865215,0.11918301929054168,200,112,0.9973126457678482
dist_H01_H09,0.858391787668611,0.7035721285718591,1.047279207367944,-1.5047296781344182,0.1323935896762963,200,112,0.9973126457678482
inter_H02_H07,0.8571271883661867,0.6908382713763627,1.063442845418569,-1.4009866819066514,0.1612180557311499,200,112,0.9973126457678482
inter_H07_H02,0.8571271883661867,0.6908382713763627,1.063442845418569,-1.4009866819066514,0.1612180557311499,200,112,0.9973126457678482
inter_H07_H09,0.8801605000189571,0.7345432523638595,1.054645187060922,-1.383377940746153,0.16654901079904966,200,112,0.9973126457678482
inter_H09_H07,0.8801605000189571,0.7345432523638595,1.054645187060922,-1.383377940746153,0.16654901079904966,200,112,0.9973126457678482
inter_H06_H03,0.871198884995908,0.7128375633225088,1.0647411644253166,-1.347094153701449,0.1779499108097184,200,112,0.9973126457678482
inter_H03_H06,0.871198884995908,0.7128375633225088,1.0647411644253166,-1.347094153701449,0.1779499108097184,200,112,0.9973126457678482
disp_H06_f_function,1.1413001278436021,0.9410395505514395,1.384177722448044,1.3426303733232932,0.17939169027466176,200,112,0.9973126457678482
dist_H07_H09,1.1286830350902477,0.9456687972169873,1.3471158162874506,1.3410813683463578,0.1798940358057001,200,112,0.9973126457678482
dist_H01_H05,0.8755112789334982,0.7205890103030819,1.0637408961002184,-1.3380560368781684,0.18087817046496701,200,112,0.9973126457678482
inter_H01_H02,1.143613392604445,0.9368976183623279,1.395938644854641,1.3191941995495746,0.1871041969762989,200,112,0.9973126457678482
inter_H02_H01,1.143613392604445,0.9368976183623279,1.395938644854641,1.3191941995495746,0.1871041969762989,200,112,0.9973126457678482
disp_H10_f_function,1.1413232839005787,0.9349162209080308,1.393300072501086,1.2987552839601253,0.1940279248734557,200,112,0.9973126457678482
inter_H08_H08,1.12373622746918,0.9407483566497691,1.342317634679415,1.2864255564659006,0.19829458399955127,200,112,0.9973126457678482
dist_H06_H10,1.1328273037061953,0.9339077673257992,1.3741161010973395,1.2659106925500405,0.2055450578215472,200,112,0.9973126457678482
dist_H06_H07,1.1264041589626865,0.9363925666359755,1.3549726626799254,1.2627560641680804,0.20667685880172815,200,112,0.9973126457678482
inter_H02_H05,1.1200844772238865,0.9377818771252443,1.337826275726111,1.2512128945923577,0.21085681496847797,200,112,0.9973126457678482
inter_H05_H02,1.1200844772238865,0.9377818771252443,1.337826275726111,1.2512128945923577,0.21085681496847797,200,112,0.9973126457678482
inter_H06_H09,0.885747411909862,0.7304007768590018,1.0741342322756997,-1.2331027992106816,0.21753741325458048,200,112,0.9973126457678482
inter_H09_H06,0.885747411909862,0.7304007768590018,1.0741342322756997,-1.2331027992106816,0.21753741325458048,200,112,0.9973126457678482
dist_H04_H06,1.1179340454821602,0.9353774568483048,1.336120002570034,1.22555665613163,0.2203655572174627,200,112,0.9973126457678482
comp_H03,0.8978647180713079,0.7517704983408164,1.0723499442136857,-1.1890332947193962,0.23442656542487528,200,112,0.9973126457678482
dist_H05_H09,0.8920900405329198,0.7373444599230137,1.079311887012915,-1.174754809985984,0.24009282426448708,200,112,0.9973126457678482
inter_H06_H06,0.8906462050793368,0.7330560756268882,1.0821145734913378,-1.165640971913118,0.24375963509039317,200,112,0.9973126457678482
disp_H08_clark_evans,1.110500894084463,0.9303380284205938,1.3255528615292422,1.160478522456747,0.24585403321127974,200,112,0.9973126457678482
dist_H04_H09,1.106620256771045,0.9304977337194653,1.3160788557763639,1.1454825543308615,0.2520093181092169,200,112,0.9973126457678482
disp_H05_f_function,0.9040861218405586,0.759886942321546,1.0756491132845796,-1.1373744501061962,0.2553817835010088,200,112,0.9973126457678482
dist_H04_H07,1.1089593428279105,0.9234904093180574,1.3316768768107061,1.1075669743609158,0.2680488729141102,200,112,0.9973126457678482
inter_H05_H01,1.1093735060927674,0.9210415390987479,1.3362150606419188,1.0934703665426693,0.27418733300800724,200,112,0.9973126457678482
inter_H01_H05,1.1093735060927674,0.9210415390987479,1.3362150606419188,1.0934703665426693,0.27418733300800724,200,112,0.9973126457678482
comp_H06,1.1148685150617323,0.9160167257511247,1.356887675666359,1.0848146576942181,0.2780037522377248,200,112,0.9973126457678482
dist_H04_H05,1.1000852079328223,0.9255503394633009,1.3075328408548286,1.0822088535099295,0.27915973535980243,200,112,0.9973126457678482
inter_H03_H04,0.8985755361682443,0.7396929005660089,1.0915854317138918,-1.077253806330675,0.2813668931804947,200,112,0.9973126457678482
inter_H04_H03,0.8985755361682443,0.7396929005660089,1.0915854317138918,-1.077253806330675,0.2813668931804947,200,112,0.9973126457678482
inter_H02_H02,0.8992285362283952,0.7403329020798117,1.0922275075116,-1.0706979783932153,0.28430525208249924,200,112,0.9973126457678482
disp_H03_pair_correlation,1.1125895629309217,0.9122575396485955,1.356914557285704,1.0533229781285696,0.2921929911285106,200,112,0.9973126457678482
inter_H04_H08,1.0926204353448692,0.9209472699106177,1.2962950808780587,1.0156790250213563,0.30978225945004473,200,112,0.9973126457678482
inter_H08_H04,1.0926204353448692,0.9209472699106177,1.2962950808780587,1.0156790250213563,0.30978225945004473,200,112,0.9973126457678482
inter_H09_H05,1.0977750094002678,0.9106980281993851,1.3232816300771826,0.9786260897630089,0.3277647633852784,200,112,0.9973126457678482
inter_H05_H09,1.0977750094002678,0.9106980281993851,1.3232816300771826,0.9786260897630089,0.3277647633852784,200,112,0.9973126457678482
dist_H08_H09,0.9092672423997942,0.750271396410309,1.101957134520937,-0.9699295867114419,0.3320815912028847,200,112,0.9973126457678482
inter_H07_H10,0.8989792866936415,0.7232274508604166,1.1174406570750928,-0.9595041956402807,0.3373048070410168,200,112,0.9973126457678482
inter_H10_H07,0.8989792866936415,0.7232274508604166,1.1174406570750928,-0.9595041956402807,0.3373048070410168,200,112,0.9973126457678482
dist_H02_H07,1.0895414331312918,0.9126566568925307,1.3007087885072812,0.9487899214390144,0.34272746885251393,200,112,0.9973126457678482
disp_H03_ripley_l,1.095094941314274,0.9072507798383396,1.3218317990377493,0.9461560120701535,0.34406901836831405,200,112,0.9973126457678482
inter_H09_H08,1.0897161157414508,0.9077809250774812,1.3081143039057366,0.9218546459622932,0.3566043989959168,200,112,0.9973126457678482
inter_H08_H09,1.0897161157414508,0.9077809250774812,1.3081143039057366,0.9218546459622932,0.3566043989959168,200,112,0.9973126457678482
inter_H10_H01,1.0940657413448969,0.901608995935243,1.3276041518895074,0.9107233418655969,0.36244116213933364,200,112,0.9973126457678482
inter_H01_H10,1.0940657413448969,0.901608995935243,1.3276041518895074,0.9107233418655969,0.36244116213933364,200,112,0.9973126457678482
disp_H07_pair_correlation,0.9167005468809091,0.759526966846,1.1063990211451482,-0.9063279626935672,0.3647622892176081,200,112,0.9973126457678482
dist_H03_H05,0.9162190818484599,0.7567170252276806,1.10934124376369,-0.8966375486086476,0.36991235502761666,200,112,0.9973126457678482
disp_H09_clark_evans,0.9187518336323337,0.761499438166275,1.1084774190187432,-0.8847218970737897,0.37630664263976654,200,112,0.9973126457678482
inter_H06_H08,1.0835533531165462,0.9057707002480376,1.2962307885744113,0.8775992559318914,0.38016123322397344,200,112,0.9973126457678482
inter_H08_H06,1.0835533531165462,0.9057707002480376,1.2962307885744113,0.8775992559318914,0.38016123322397344,200,112,0.9973126457678482
inter_H03_H05,1.0860175970530297,0.9013174737817872,1.308566909459899,0.8675860298488965,0.38562099696436847,200,112,0.9973126457678482
inter_H05_H03,1.0860175970530297,0.9013174737817872,1.308566909459899,0.8675860298488965,0.38562099696436847,200,112,0.9973126457678482
dist_H01_H03,1.0829299249211666,0.8996593004420994,1.3035348178065536,0.842194838604763,0.39967890239754833,200,112,0.9973126457678482
disp_H02_clark_evans,0.9297535436568901,0.7833064353211016,1.1035804290158593,-0.8329003005603465,0.40490096014006083,200,112,0.9973126457678482
comp_H10,0.9217170100977924,0.759697248349425,1.1182905408035062,-0.8264633539155419,0.4085412978191745,200,112,0.9973126457678482
disp_H01_f_function,0.9170834251779593,0.7467841721538799,1.1262183105868442,-0.8258516176405535,0.4088882690308966,200,112,0.9973126457678482
inter_H07_H01,1.0817308351556985,0.8972542046576414,1.3041361006194752,0.8235143952820284,0.4102155344397129,200,112,0.9973126457678482
inter_H01_H07,1.0817308351556985,0.8972542046576414,1.3041361006194752,0.8235143952820284,0.4102155344397129,200,112,0.9973126457678482
inter_H08_H03,1.0796834766238235,0.8983724073043902,1.2975870587925724,0.8173824067598865,0.4137099265702049,200,112,0.9973126457678482
inter_H03_H08,1.0796834766238235,0.8983724073043902,1.2975870587925724,0.8173824067598865,0.4137099265702049,200,112,0.9973126457678482
dist_H07_H08,0.9240786360124904,0.762099331168425,1.1204855989382663,-0.8030034775929569,0.42197272454742085,200,112,0.9973126457678482
disp_H03_ripley_k,1.0822647887404744,0.8918994143537161,1.3132613993206885,0.8009326623780986,0.4231706299626037,200,112,0.9973126457678482
dist_H05_H06,1.0752270365835934,0.9000814702359831,1.2844539282618792,0.7995406110103107,0.4239770082917077,200,112,0.9973126457678482
disp_H04_clark_evans,0.9266274794133799,0.7679689431216264,1.1180640744582917,-0.7952851596795321,0.4264476441371985,200,112,0.9973126457678482
disp_H06_quadrat_dispersion,0.927117624192275,0.7687232885534704,1.1181488864547915,-0.7916757243524762,0.4285497805801798,200,112,0.9973126457678482
disp_H10_quadrat_dispersion,0.9264686733582699,0.7639193640178434,1.1236057667130737,-0.7759376691017866,0.43778578970267,200,112,0.9973126457678482
inter_H06_H04,0.9279558415112379,0.7668077724224031,1.1229698951466596,-0.7682844684722695,0.44231819991539667,200,112,0.9973126457678482
inter_H04_H06,0.9279558415112379,0.7668077724224031,1.1229698951466596,-0.7682844684722695,0.44231819991539667,200,112,0.9973126457678482
disp_H02_quadrat_dispersion,0.9284922777716744,0.7665821390404705,1.1245995255781966,-0.7588762657943282,0.44792657793776247,200,112,0.9973126457678482
inter_H10_H09,0.9244450058692716,0.7532333030674129,1.134573531728393,-0.7517782467805894,0.45218442584565366,200,112,0.9973126457678482
inter_H09_H10,0.9244450058692716,0.7532333030674129,1.134573531728393,-0.7517782467805894,0.45218442584565366,200,112,0.9973126457678482
dist_H09_H10,1.0748063511989716,0.8877993302884294,1.3012047353114597,0.739695317864494,0.4594848897593702,200,112,0.9973126457678482
inter_H08_H02,1.0732327528719898,0.8883298056714016,1.2966226445218,0.7325767816176654,0.46381659662324126,200,112,0.9973126457678482
inter_H02_H08,1.0732327528719898,0.8883298056714016,1.2966226445218,0.7325767816176654,0.46381659662324126,200,112,0.9973126457678482
disp_H04_f_function,1.0646485963365686,0.8986329159615083,1.261334426492315,0.7242660926498455,0.46890238936368933,200,112,0.9973126457678482
disp_H10_ripley_k,0.9330589635046409,0.7707568005038911,1.1295379149521494,-0.7106383422770193,0.47730837672080884,200,112,0.9973126457678482
comp_H05,0.9347181764482151,0.7742264097282474,1.128478773656589,-0.7023945053131015,0.48243317101804883,200,112,0.9973126457678482
inter_H01_H01,1.068111739993607,0.8886445938797571,1.2838233608458114,0.702073752916872,0.4826331698914047,200,112,0.9973126457678482
disp_H05_quadrat_dispersion,0.9340546250306156,0.770857617505726,1.1318018045460947,-0.6962900685453738,0.4862471915202967,200,112,0.9973126457678482
dist_H01_H10,1.065417318965317,0.8900415063969671,1.2753495824552843,0.6905399298014164,0.489854708561442,200,112,0.9973126457678482
disp_H09_kde_summary,0.9354693257365116,0.7736111166772744,1.1311921978998505,-0.6881978413057582,0.4913282031461297,200,112,0.9973126457678482
disp_H04_j_function,0.9363490713994027,0.7759675466461408,1.129879190566641,-0.6860891654684916,0.49265688270693997,200,112,0.9973126457678482
dist_H03_H10,0.9333916760125974,0.7658869163656453,1.1375308837808542,-0.6830515519339048,0.4945742678260736,200,112,0.9973126457678482
dist_H02_H08,1.0742509650521874,0.868246254691735,1.3291334453556396,0.6593584907749901,0.5096655906575287,200,112,0.9973126457678482
disp_H02_j_function,0.939278134205258,0.7796374681710585,1.13160725261929,-0.659102209917752,0.5098301366729499,200,112,0.9973126457678482
disp_H01_clark_evans,1.0691148593590074,0.8746082430057354,1.306878355701405,0.6522897599853674,0.5142142646596045,200,112,0.9973126457678482
dist_H01_H02,0.9354588172232322,0.7641530807657848,1.1451674026410215,-0.6464915179070276,0.5179610885478382,200,112,0.9973126457678482
disp_H04_kde_summary,1.0677206045123524,0.8738679478890112,1.3045761571346894,0.6410154596738528,0.5215126387333506,200,112,0.9973126457678482
disp_H04_quadrat_dispersion,0.9400843908558228,0.7774387704423018,1.1367566109778318,-0.6374740781977087,0.5238160894255028,200,112,0.9973126457678482
dist_H01_H04,0.9390277200325557,0.7736672502889071,1.1397316593926696,-0.6365508054476967,0.5244174777733898,200,112,0.9973126457678482
disp_H04_ripley_l,0.937833615195271,0.769649449059421,1.1427694658459076,-0.6364981295365922,0.5244517997272853,200,112,0.9973126457678482
disp_H07_quadrat_dispersion,0.941061969214536,0.7781312583567114,1.1381082823638016,-0.626259396374872,0.5311448140679141,200,112,0.9973126457678482
disp_H02_kde_summary,0.9447979694691293,0.7877186067793165,1.133200606702272,-0.6120816149681855,0.5404837607864106,200,112,0.9973126457678482
disp_H03_g_function,1.05763683321102,0.8817585271359538,1.2685963747897664,0.6038823621406814,0.5459218560486767,200,112,0.9973126457678482
dist_H03_H03,1.05763683321102,0.8817585271359538,1.2685963747897664,0.6038823621406814,0.5459218560486767,200,112,0.9973126457678482
disp_H07_j_function,0.9430359292297191,0.7786232084158089,1.1421657538664545,-0.6000384170371111,0.5484806327913574,200,112,0.9973126457678482
inter_H10_H05,0.9370680341482703,0.7575796712025838,1.1590813930218211,-0.59915418780589,0.5490700693550987,200,112,0.9973126457678482
inter_H05_H10,0.9370680341482703,0.7575796712025838,1.1590813930218211,-0.59915418780589,0.5490700693550987,200,112,0.9973126457678482
div_simpson,1.0613502970362607,0.8720622743849471,1.2917247840051767,0.5940859202843497,0.5524546474570553,200,112,0.9973126457678482
inter_H01_H04,1.051641359027971,0.889136566743323,1.243846659089733,0.5879327846970013,0.5565774097450608,200,112,0.9973126457678482
inter_H04_H01,1.051641359027971,0.889136566743323,1.243846659089733,0.5879327846970013,0.5565774097450608,200,112,0.9973126457678482
disp_H03_kde_summary,0.9404537718362366,0.7663927310617288,1.1540470846268585,-0.5879169745276077,0.5565880222623503,200,112,0.9973126457678482
dist_H06_H08,0.9447719942390667,0.7784277342510919,1.1466627945331471,-0.5749484159214234,0.5653261843356171,200,112,0.9973126457678482
div_inv_simpson,1.0590144968258475,0.8709022430286997,1.2877584292205624,0.5746544557946197,0.5655250151799239,200,112,0.9973126457678482
disp_H06_j_function,1.0568739857871872,0.8743708998717161,1.2774700324514165,0.5719184412947877,0.567377229885625,200,112,0.9973126457678482
disp_H06_pair_correlation,0.9535191945119466,0.808986142361141,1.1238744481445448,-0.5675092514890716,0.5703682428733412,200,112,0.9973126457678482
inter_H05_H05,1.05930717678833,0.8681638495877135,1.2925344626226452,0.5674835508551836,0.5703856991315538,200,112,0.9973126457678482
div_pielou,1.058250436120202,0.8690791118823282,1.2885984374000574,0.5634627689327274,0.5731198054734972,200,112,0.9973126457678482
div_shannon,1.0582504361201952,0.8690791118823242,1.2885984374000468,0.5634627689326687,0.5731198054735374,200,112,0.9973126457678482
inter_H03_H02,0.9468266363478557,0.7805756321259099,1.1484866326869767,-0.5546331752946231,0.579145592451398,200,112,0.9973126457678482
inter_H02_H03,0.9468266363478557,0.7805756321259099,1.1484866326869767,-0.5546331752946231,0.579145592451398,200,112,0.9973126457678482
inter_H02_H10,1.0549569561069188,0.8701867166133591,1.2789602024376494,0.5445827119319036,0.5860405475787894,200,112,0.9973126457678482
inter_H10_H02,1.0549569561069188,0.8701867166133591,1.2789602024376494,0.5445827119319036,0.5860405475787894,200,112,0.9973126457678482
dist_H10_H10,1.053516135851073,0.8724982994729656,1.2720898701682415,0.5419853654912357,0.5878285874931821,200,112,0.9973126457678482
disp_H10_g_function,1.053516135851073,0.8724982994729656,1.2720898701682415,0.5419853654912357,0.5878285874931821,200,112,0.9973126457678482
comp_H04,0.9533595490892061,0.8004607565036614,1.1354640717298135,-0.5355355645240918,0.5922795718270684,200,112,0.9973126457678482
disp_H10_j_function,1.0501740847392007,0.8775323045647253,1.2567806364745315,0.5342608536555382,0.5931610720141717,200,112,0.9973126457678482
disp_H01_quadrat_dispersion,0.9515125015676051,0.7887582489724131,1.1478498536388777,-0.5192893289493903,0.6035589936676459,200,112,0.9973126457678482
disp_H02_f_function,1.0529529115405571,0.8656840876493685,1.2807326018112064,0.5164136973826354,0.6055655011221079,200,112,0.9973126457678482
dist_H03_H04,1.0482355586872767,0.8765230882378949,1.2535868150437188,0.516100278736222,0.6057843732855523,200,112,0.9973126457678482
inter_H08_H07,1.0513004135998538,0.868576812001261,1.2724638101824195,0.5135616429648875,0.6075585026961752,200,112,0.9973126457678482
inter_H07_H08,1.0513004135998538,0.868576812001261,1.2724638101824195,0.5135616429648875,0.6075585026961752,200,112,0.9973126457678482
dist_H02_H09,0.9524330665837742,0.7883061670135462,1.1507315105230989,-0.5050391841728457,0.6135313147076,200,112,0.9973126457678482
transition_ste,0.9532553056188858,0.7902849756606086,1.1498329155643707,-0.5004471001381477,0.616760295736043,200,112,0.9973126457678482
inter_H03_H03,0.9535037745052389,0.7853388502659606,1.1576779216867228,-0.48094888793111357,0.6305528257158203,200,112,0.9973126457678482
disp_H05_pair_correlation,1.0446304880524173,0.873507543172349,1.2492769697276902,0.4783539049396402,0.6323983357166824,200,112,0.9973126457678482
comp_H09,0.9576600364639459,0.7938239063326883,1.155310060737536,-0.45191211661670677,0.651332295223747,200,112,0.9973126457678482
inter_H03_H01,0.9569238740969495,0.7901085056006304,1.1589589206113005,-0.450526903484817,0.652330559805528,200,112,0.9973126457678482
inter_H01_H03,0.9569238740969495,0.7901085056006304,1.1589589206113005,-0.450526903484817,0.652330559805528,200,112,0.9973126457678482
dist_H03_H08,0.9549680891228948,0.7793571068581746,1.1701491437210825,-0.444420009613535,0.6567389493200163,200,112,0.9973126457678482
inter_H06_H01,1.0446715577395336,0.8607755792062731,1.2678550482998998,0.44238007812808233,0.6582141926273799,200,112,0.9973126457678482
inter_H01_H06,1.0446715577395336,0.8607755792062731,1.2678550482998998,0.44238007812808233,0.6582141926273799,200,112,0.9973126457678482
disp_H03_clark_evans,1.0397476704702888,0.8741232991142215,1.2367536929216763,0.4402902225217525,0.6597269213470016,200,112,0.9973126457678482
inter_H09_H02,1.0396748745501248,0.8738339164425086,1.2369900325812473,0.4388389898469239,0.6607782064999213,200,112,0.9973126457678482
inter_H02_H09,1.0396748745501248,0.8738339164425086,1.2369900325812473,0.4388389898469239,0.6607782064999213,200,112,0.9973126457678482
dist_H05_H07,1.0408896002820363,0.8694576234830856,1.2461230205043738,0.4364657389623718,0.6624988517366102,200,112,0.9973126457678482
dist_H04_H10,1.0478829953806512,0.8447514939378304,1.2998601125749978,0.4254190582751489,0.6705312152827938,200,112,0.9973126457678482
inter_H04_H04,1.0415472128464114,0.8632155805499782,1.2567203616702087,0.4248437774032687,0.670950562253328,200,112,0.9973126457678482
disp_H08_ripley_l,0.957444162396293,0.7797803699040625,1.1755865619180976,-0.4152621295441774,0.6779500211294678,200,112,0.9973126457678482
dist_H06_H09,1.042725211653487,0.8546626606487279,1.272169613906518,0.4122980023036866,0.6801210126988999,200,112,0.9973126457678482
disp_H08_j_function,1.0333421123006095,0.8812573391679052,1.211673223694355,0.40378104398927567,0.6863737371045034,200,112,0.9973126457678482
dist_H02_H10,1.0388731458381897,0.8606066497085756,1.2540658540219298,0.39704999462571877,0.6913305938686698,200,112,0.9973126457678482
disp_H01_ripley_l,0.9626194163311577,0.7961560775010117,1.1638875427620674,-0.3932787898097552,0.6941135820313756,200,112,0.9973126457678482
inter_H05_H04,0.9625450183668566,0.7951217360723372,1.1652214627654998,-0.39155502960826616,0.6953870210066759,200,112,0.9973126457678482
inter_H04_H05,0.9625450183668566,0.7951217360723372,1.1652214627654998,-0.39155502960826616,0.6953870210066759,200,112,0.9973126457678482
disp_H02_pair_correlation,1.0357435444149643,0.8685313355933736,1.2351479397854643,0.3909389917827793,0.6958423316365037,200,112,0.9973126457678482
disp_H03_quadrat_dispersion,0.9632032868669951,0.7950424066386476,1.1669321838489761,-0.38297270410620293,0.7017400029600918,200,112,0.9973126457678482
inter_H07_H05,0.9657296119349169,0.8005431952238593,1.1650010754349973,-0.3643340676880249,0.7156085631310503,200,112,0.9973126457678482
inter_H05_H07,0.9657296119349169,0.8005431952238593,1.1650010754349973,-0.3643340676880249,0.7156085631310503,200,112,0.9973126457678482
disp_H01_kde_summary,1.037134341901317,0.8514609969599393,1.2632964363506676,0.36227344826906666,0.7171476977302812,200,112,0.9973126457678482
disp_H09_quadrat_dispersion,0.9671085348029388,0.7991648497656653,1.1703454154207853,-0.34365585976849305,0.7311051102859498,200,112,0.9973126457678482
disp_H03_j_function,0.9671414453939168,0.793098502113177,1.1793775589115363,-0.33006200207569997,0.7413531137457079,200,112,0.9973126457678482
disp_H09_pair_correlation,0.9694884103222972,0.8043728616194115,1.1684976241701843,-0.3252871409524078,0.7449637621744231,200,112,0.9973126457678482
disp_H05_ripley_k,1.0290096672953815,0.8653639844400081,1.2236017611393417,0.32360379724907357,0.7462380127545432,200,112,0.9973126457678482
inter_H06_H10,0.9682638123717832,0.7956125726346207,1.1783810897358655,-0.3218569296424083,0.7475610834702602,200,112,0.9973126457678482
inter_H10_H06,0.9682638123717832,0.7956125726346207,1.1783810897358655,-0.3218569296424083,0.7475610834702602,200,112,0.9973126457678482
dist_H05_H10,0.9691579717893067,0.8002659051862292,1.1736938537500066,-0.3206597570581114,0.748468247251119,200,112,0.9973126457678482
disp_H01_ripley_k,0.9686248269857332,0.7970642687728811,1.1771121755308367,-0.3205033034909945,0.7485868265182496,200,112,0.9973126457678482
disp_H08_kde_summary,0.9713859567710839,0.8105583620287836,1.164124289150898,-0.314366542626254,0.7532426641067335,200,112,0.9973126457678482
dist_H08_H08,1.02877529674514,0.8566667753017834,1.2354612571734314,0.30371291505956804,0.7613466177249734,200,112,0.9973126457678482
disp_H08_g_function,1.02877529674514,0.8566667753017834,1.2354612571734314,0.30371291505956804,0.7613466177249734,200,112,0.9973126457678482
disp_H07_clark_evans,0.9736489407176575,0.8190836616375289,1.1573814790364283,-0.30277921242595474,0.7620581263465268,200,112,0.9973126457678482
disp_H08_ripley_k,0.9704116922615142,0.7916038990238349,1.18960865862221,-0.2890478258369751,0.7725447790561291,200,112,0.9973126457678482
dist_H02_H06,1.028366255618774,0.8406097277220972,1.2580596212717112,0.27194013088819313,0.7856680535864103,200,112,0.9973126457678482
disp_H06_kde_summary,0.9767540986607532,0.8118028212076089,1.1752220420118422,-0.24921435824369462,0.8031949734784103,200,112,0.9973126457678482
disp_H10_ripley_l,0.9769916597434165,0.8085997105744478,1.1804514529569743,-0.24116619757254418,0.8094263082058393,200,112,0.9973126457678482
disp_H06_clark_evans,0.9801889652744343,0.8299525589242555,1.1576208752113137,-0.2357220697283114,0.813648343243486,200,112,0.9973126457678482
disp_H07_f_function,1.019485491448584,0.8576025053055114,1.2119258757341242,0.21874363816451925,0.8268497537244881,200,112,0.9973126457678482
disp_H10_clark_evans,1.0190317278827925,0.8565411288044825,1.212347694127861,0.2127216162236906,0.8315441053159113,200,112,0.9973126457678482
inter_H05_H06,0.9801074535056125,0.8125108257471968,1.182274241741782,-0.20999873577450714,0.8336686597427063,200,112,0.9973126457678482
inter_H06_H05,0.9801074535056125,0.8125108257471968,1.182274241741782,-0.20999873577450714,0.8336686597427063,200,112,0.9973126457678482
disp_H07_ripley_l,0.9805023774188835,0.8155382409371248,1.1788348649590816,-0.2094928847960998,0.8340634892724708,200,112,0.9973126457678482
inter_H03_H10,1.0176623569063081,0.8568543108341062,1.2086496614062194,0.1995134135866487,0.8418611517483833,200,112,0.9973126457678482
inter_H10_H03,1.0176623569063081,0.8568543108341062,1.2086496614062194,0.1995134135866487,0.8418611517483833,200,112,0.9973126457678482
comp_H02,0.9798075810285918,0.8017077484067371,1.1974723928376503,-0.19929731886452387,0.8420301763431269,200,112,0.9973126457678482
dist_H02_H02,0.983534199941987,0.8267342380947869,1.1700731358178211,-0.1873736830076602,0.8513676550832727,200,112,0.9973126457678482
disp_H02_g_function,0.983534199941987,0.8267342380947869,1.1700731358178211,-0.1873736830076602,0.8513676550832727,200,112,0.9973126457678482
disp_H04_ripley_k,1.0179084035446582,0.8417859771369701,1.2308799934288295,0.18312108748184527,0.8547030101193784,200,112,0.9973126457678482
div_fisher_alpha,1.0167581142443456,0.848359692553928,1.2185834286510517,0.1798926260198479,0.8572368643479984,200,112,0.9973126457678482
inter_H06_H02,0.9846703562177156,0.8238527934847324,1.1768797995001168,-0.16980183890457623,0.8651659806952391,200,112,0.9973126457678482
inter_H02_H06,0.9846703562177156,0.8238527934847324,1.1768797995001168,-0.16980183890457623,0.8651659806952391,200,112,0.9973126457678482
disp_H06_ripley_k,0.9846619978111267,0.8227043109647976,1.1785026977631645,-0.16858428263501365,0.866123644242145,200,112,0.9973126457678482
inter_H04_H02,1.016399488024153,0.8357861299893257,1.2360433874021743,0.1629535243485949,0.8705550276533693,200,112,0.9973126457678482
inter_H02_H04,1.016399488024153,0.8357861299893257,1.2360433874021743,0.1629535243485949,0.8705550276533693,200,112,0.9973126457678482
disp_H05_g_function,1.014034707861872,0.8508942010417522,1.2084538682830401,0.15573295654953112,0.8762435185253915,200,112,0.9973126457678482
dist_H05_H05,1.014034707861872,0.8508942010417522,1.2084538682830401,0.15573295654953112,0.8762435185253915,200,112,0.9973126457678482
disp_H08_pair_correlation,0.9849554909793535,0.8020749981428947,1.2095344219139257,-0.1446522475597658,0.8849854434237936,200,112,0.9973126457678482
disp_H06_ripley_l,0.9877983006168733,0.8289606785627592,1.1770708888065922,-0.1372572354022761,0.8908274716446635,200,112,0.9973126457678482
disp_H10_kde_summary,0.9874368587404213,0.8186823988057776,1.1909765635873464,-0.13221518254130424,0.8948140926136403,200,112,0.9973126457678482
disp_H07_ripley_k,0.9879036764028223,0.8189615589564258,1.1916965615502588,-0.12718296513273164,0.8987955877404654,200,112,0.9973126457678482
disp_H06_g_function,0.9898521589897445,0.8249907613209803,1.187658507942301,-0.10973012385927129,0.912623409282058,200,112,0.9973126457678482
dist_H06_H06,0.9898521589897445,0.8249907613209803,1.187658507942301,-0.10973012385927129,0.912623409282058,200,112,0.9973126457678482
disp_H02_ripley_l,1.0093109843796262,0.8441373757728566,1.2068043572370946,0.10164494837743072,0.9190385005407556,200,112,0.9973126457678482
dist_H08_H10,1.0102660892756925,0.8260661545512712,1.2355397512864135,0.09944939760895177,0.9207814635017545,200,112,0.9973126457678482
disp_H03_f_function,1.0092536578989297,0.8360749222122924,1.2183034306149578,0.09590231720158536,0.9235981542045745,200,112,0.9973126457678482
inter_H09_H09,0.9917160736258017,0.8286960721211483,1.1868051554418342,-0.09078691243777955,0.9276619094644385,200,112,0.9973126457678482
dist_H01_H06,1.0092202492962816,0.8261353514338139,1.2328797089023351,0.08986429229824038,0.9283950569244667,200,112,0.9973126457678482
dist_H02_H04,1.0077176092972362,0.8404259534583998,1.2083096385932863,0.0830044603568881,0.93384799300329,200,112,0.9973126457678482
disp_H09_ripley_l,0.9924380304474124,0.8183563091827349,1.2035506211981906,-0.07713880775733276,0.9385131208328814,200,112,0.9973126457678482
dist_H03_H07,0.9924280716902366,0.8180505663743601,1.2039762796620088,-0.07709542321825753,0.9385476339085687,200,112,0.9973126457678482
disp_H04_pair_correlation,1.007494858026844,0.8306081889728091,1.2220513864735798,0.07580324090305403,0.9395756376784717,200,112,0.9973126457678482
disp_H10_pair_correlation,0.9930757485168509,0.8139756848539269,1.2115834178379459,-0.0684771228221878,0.94540583066435,200,112,0.9973126457678482
inter_H04_H10,1.0064118987327098,0.8363058428025285,1.2111178208639388,0.06765765823840608,0.9460581558672719,200,112,0.9973126457678482
inter_H10_H04,1.0064118987327098,0.8363058428025285,1.2111178208639388,0.06765765823840608,0.9460581558672719,200,112,0.9973126457678482
disp_H01_pair_correlation,0.9939368282539796,0.810458476048527,1.2189525407596928,-0.0584091913312954,0.953422693649807,200,112,0.9973126457678482
dist_H03_H09,1.0052360083339111,0.8282863676965802,1.219988003981328,0.05286480786460179,0.9578396244243547,200,112,0.9973126457678482
inter_H08_H10,1.0047072306488194,0.8309436316639959,1.2148075764135593,0.04847216805664765,0.9613399450337151,200,112,0.9973126457678482
inter_H10_H08,1.0047072306488194,0.8309436316639959,1.2148075764135593,0.04847216805664765,0.9613399450337151,200,112,0.9973126457678482
inter_H09_H03,0.9953505414719566,0.8243715705383932,1.2017914443137345,-0.04846313314119671,0.9613471453910657,200,112,0.9973126457678482
inter_H03_H09,0.9953505414719566,0.8243715705383932,1.2017914443137345,-0.04846313314119671,0.9613471453910657,200,112,0.9973126457678482
dist_H01_H01,0.9959147082147637,0.8383897349888106,1.183037034741051,-0.046599445624245915,0.9628324738797803,200,112,0.9973126457678482
disp_H01_g_function,0.9959147082147637,0.8383897349888106,1.183037034741051,-0.046599445624245915,0.9628324738797803,200,112,0.9973126457678482
disp_H07_g_function,1.004036251118876,0.8376807097849185,1.203428444496092,0.043583448292991656,0.9652364455089765,200,112,0.9973126457678482
dist_H07_H07,1.004036251118876,0.8376807097849185,1.203428444496092,0.043583448292991656,0.9652364455089765,200,112,0.9973126457678482
dist_H09_H09,1.0037045308637083,0.8344158882262708,1.2073389295328845,0.03923392890184455,0.9687038831004129,200,112,0.9973126457678482
disp_H09_g_function,1.0037045308637083,0.8344158882262708,1.2073389295328845,0.03923392890184455,0.9687038831004129,200,112,0.9973126457678482
disp_H08_quadrat_dispersion,0.9966260907717952,0.8230039919380053,1.2068757558127257,-0.03460509612697137,0.9723946378136531,200,112,0.9973126457678482
inter_H07_H03,1.003003018813776,0.8254509174516819,1.218746062885605,0.030165631306069248,0.9759349582948856,200,112,0.9973126457678482
inter_H03_H07,1.003003018813776,0.8254509174516819,1.218746062885605,0.030165631306069248,0.9759349582948856,200,112,0.9973126457678482
disp_H05_kde_summary,0.9978704496364064,0.837052828748827,1.1895849342579015,-0.023775925576153756,0.9810313432274816,200,112,0.9973126457678482
comp_H07,0.9978680353515302,0.8299221396564495,1.199800039541679,-0.02269821397954898,0.9818910005076074,200,112,0.9973126457678482
disp_H05_clark_evans,0.9978589522969958,0.8289820033955041,1.201138848130341,-0.022656793383788995,0.9819240408645502,200,112,0.9973126457678482
disp_H09_f_function,0.9980148347946267,0.8293865885855602,1.2009280402867213,-0.02104323706722048,0.9832111651097891,200,112,0.9973126457678482
disp_H09_j_function,1.0015989850510711,0.8428993994180197,1.190178243747707,0.01815276916631823,0.985516981165449,200,112,0.9973126457678482
disp_H09_ripley_k,0.9989124496605888,0.8229601411031041,1.212484095219268,-0.011007051905529683,0.9912178205594191,200,112,0.9973126457678482
disp_H02_ripley_k,1.0009500216485816,0.8370895671660845,1.1968861937082436,0.010410499527545435,0.9916937731930645,200,112,0.9973126457678482
dist_H01_H07,1.0007701575399375,0.8319699709619897,1.2038185790100695,0.008168191050409451,0.9934827989418351,200,112,0.9973126457678482
dist_H04_H04,1.0007864145891001,0.8285372909130061,1.2088453454188197,0.008157254795985187,0.9934915245196955,200,112,0.9973126457678482
disp_H04_g_function,1.0007864145891001,0.8285372909130061,1.2088453454188197,0.008157254795985187,0.9934915245196955,200,112,0.9973126457678482
disp_H05_ripley_l,0.9997304021761397,0.8449293077849364,1.1828928974607935,-0.0031413234617018175,0.9974935906315926,200,112,0.9974935906315926
